url1,url2,similarity
https://www.microsoft.com/en-us/security/business/security-101/what-is-zero-trust-network-access-ztna,https://www.zscaler.com/resources/security-terms-glossary/what-is-zero-trust-network-access,0.9866
https://copyblogger.com/content-marketing/,https://mailchimp.com/marketing-glossary/content-marketing/,0.9836
https://www.cisco.com/site/us/en/learn/topics/networking/what-is-sd-wan.html,https://www.fortinet.com/resources/cyberglossary/sd-wan-explained,0.9825
https://en.wikipedia.org/wiki/SD-WAN,https://www.fortinet.com/resources/cyberglossary/sd-wan-explained,0.9803
https://guardiandigital.com/resources/blog/guide-on-phishing,https://inspiredelearning.com/blog/phishing-protection-checklist/,0.9741
https://sign.dropbox.com/products/dropbox-fax,https://www.fax.plus/,0.9708
https://nytlicensing.com/latest/trends/content-marketing-best-practices-2022/,https://www.twilio.com/en-us/blog/insights/content-marketing-best-practices,0.9592
https://en.wikipedia.org/wiki/SD-WAN,https://www.cisco.com/site/us/en/learn/topics/networking/what-is-sd-wan.html,0.9578
https://emotive.io/blog/11-essential-digital-marketing-tips,https://blog.hubspot.com/marketing/what-is-digital-marketing,0.9529
https://www.forbes.com/advisor/business/what-is-digital-marketing/,https://blog.hubspot.com/marketing/what-is-digital-marketing,0.947
https://nytlicensing.com/latest/trends/content-marketing-best-practices-2022/,https://copyblogger.com/content-marketing/,0.9361
https://sign.dropbox.com/products/dropbox-fax,https://comfax.com/reviews/free-fax/,0.9312
https://nytlicensing.com/latest/trends/content-marketing-best-practices-2022/,https://mailchimp.com/marketing-glossary/content-marketing/,0.9288
https://www.twilio.com/en-us/blog/insights/content-marketing-best-practices,https://mailchimp.com/marketing-glossary/content-marketing/,0.9285
https://copyblogger.com/content-marketing/,https://www.twilio.com/en-us/blog/insights/content-marketing-best-practices,0.9249
https://emotive.io/blog/11-essential-digital-marketing-tips,https://www.forbes.com/advisor/business/what-is-digital-marketing/,0.9134
https://www.fortinet.com/resources/cyberglossary/what-is-network-security,https://www.cisco.com/site/us/en/learn/topics/security/what-is-network-security.html,0.8997
https://www.efax.com/,https://comfax.com/reviews/free-fax/,0.8963
https://www.forbes.com/advisor/business/what-is-digital-marketing/,https://simple.wikipedia.org/wiki/Digital_marketing,0.8703
https://nytlicensing.com/latest/trends/content-marketing-best-practices-2022/,https://www.coursera.org/articles/content-strategy,0.8584
https://www.fax.plus/,https://comfax.com/reviews/free-fax/,0.845
https://www.forbes.com/advisor/business/what-is-digital-marketing/,https://en.wikipedia.org/wiki/Digital_marketing,0.8424
https://en.wikipedia.org/wiki/Machine_learning,https://simple.wikipedia.org/wiki/Machine_learning,0.8356
https://nordlayer.com/learn/network-security/basics/,https://www.fortinet.com/resources/cyberglossary/what-is-network-security,0.8227
https://blog.hubspot.com/marketing/what-is-digital-marketing,https://en.wikipedia.org/wiki/Digital_marketing,0.8153
https://copyblogger.com/content-marketing/,https://en.wikipedia.org/wiki/Content_marketing,0.8007
